product_id,product_title,impressions_last_30_days,source
1204543,Smythson Flat Card Holder In Panama Leopard,5981,Google Merchant Center
1025469,Smythson Flat Card Holder In Ludlow In Black,3272,Google Merchant Center
1200603,Smythson 6 Card Slot Folded Card Holder In Panama In Navy,1775,Google Merchant Center
1200532,Smythson Flat Card Holder In Panama In Lapis,1297,Google Merchant Center
1204424,Smythson Flat Card Holder In Panama In Forest,793,Google Merchant Center
1204419,Smythson Flat Card Holder In Mara In Nile Blue,405,Google Merchant Center
1204417,Smythson Flat Card Holder In Mara In Brown,364,Google Merchant Center
1200925,Smythson Flat Card Holder In Mara In Mushroom,235,Google Merchant Center
1204422,Smythson Flat Card Holder In Panama In Navy,204,Google Merchant Center
1204188,Smythson 6 Card Slot Folded Card Holder In Panama In Nile Blue,185,Google Merchant Center
1202640,Smythson Scorecard Holder In Panama In Forest,174,Google Merchant Center
1204131,Smythson Large Flat Card Holder In Panama In Forest,160,Google Merchant Center
1204129,Smythson Flat Card Holder In Panama In Stars Navy,156,Google Merchant Center
1203556,Smythson Flat Card Holder In Panama In Bloom Cantaloupe,125,Google Merchant Center
1200562,Smythson Flat Card Holder In Panama In Nile Blue,97,Google Merchant Center
1204128,Smythson Flat Card Holder In Panama In Stars Nile Blue,93,Google Merchant Center
1204201,Smythson 6 Card Slot Folded Card Holder In Ludlow In Admiral Blue,74,Google Merchant Center
1204540,Smythson Flat Card Holder In Panama In Petrol,73,Google Merchant Center
1204125,Smythson Flat Card Holder In Panama In Cerulean,58,Google Merchant Center
1200563,Smythson Flat Card Holder In Panama In Scarlet Red,52,Google Merchant Center
1202639,Smythson Scorecard Holder In Panama In Peony,51,Google Merchant Center
1204874,Smythson Flat Card Holder In Mara In Raspberry,51,Google Merchant Center
1204130,Smythson Flat Card Holder In Mara In Cerulean,50,Google Merchant Center
1204134,Smythson Large Flat Card Holder In Panama In Nile Blue,47,Google Merchant Center
1200602,Smythson 6 Card Slot Folded Card Holder In Ludlow In Navy,46,Google Merchant Center
1204133,Smythson Large Flat Card Holder In Panama In Navy,43,Google Merchant Center
1204119,Smythson Flat Card Holder In Ludlow In Navy,41,Google Merchant Center
1204538,Smythson Flat Card Holder In Panama In Raspberry,41,Google Merchant Center
1204871,Smythson Flat Card Holder In Ludlow In Dark Cherry,40,Google Merchant Center
1204421,Smythson Flat Card Holder In Panama In Black,38,Google Merchant Center
1200601,Smythson 6 Card Slot Folded Card Holder In Ludlow In Black,34,Google Merchant Center
1204189,Smythson 6 Card Slot Folded Card Holder In Panama In Forest,33,Google Merchant Center
1204191,Smythson 6 Card Slot Folded Card Holder In Panama In Cerulean,32,Google Merchant Center
1204418,Smythson Flat Card Holder In Mara In Navy,31,Google Merchant Center
1204854,Smythson 6 Card Slot Folded Card Holder In Panama In Fawn,25,Google Merchant Center
1200605,Smythson 6 Card Slot Folded Card Holder In Panama In Black,22,Google Merchant Center
1204872,Smythson Flat Card Holder In Ludlow In Dark Olive,20,Google Merchant Center
1204121,Smythson Flat Card Holder In Ludlow In Nile Blue,20,Google Merchant Center
1204124,Smythson Flat Card Holder In Ludlow In Bottle Green,20,Google Merchant Center
1205235,Dog Place Card Holders,19,Google Merchant Center
1204132,Smythson Large Flat Card Holder In Panama In Black,13,Google Merchant Center
1204120,Smythson Flat Card Holder In Ludlow In Dark Taupe,12,Google Merchant Center
1204539,Smythson Flat Card Holder In Panama In Fawn,10,Google Merchant Center
1204873,Smythson Flat Card Holder In Ludlow In Raspberry,10,Google Merchant Center
1204135,Smythson Large Flat Card Holder In Panama In Cerulean,9,Google Merchant Center
1203899,Smythson Flat Card Holder In Mara In Sandstone,8,Google Merchant Center
1204875,Smythson Flat Card Holder In Panama In Bronze,5,Google Merchant Center
1205235,Dog Place Card Holder,4,Google Merchant Center
