Keyword,Match Type
leather dining chairs,Exact
buffalo leather dining chairs,Exact
green leather dining chairs,Exact
brown leather dining chairs,Exact
chocolate leather dining chairs,Broad
rattan dining chairs,Exact
rattan cane dining chairs,Exact
woven rattan dining chairs,Broad
bamboo rattan dining chairs,Broad
acacia wood dining chairs,Exact
acacia dining chairs,Exact
mango wood dining chairs,Exact
bamboo dining chairs,Exact
wooden dining chairs,Broad
solid wood dining chairs,Broad
upholstered dining chairs,Broad
linen dining chairs,Broad
cushioned dining chairs,Broad
padded dining chairs,Broad
handcrafted dining chairs,Broad
hand carved dining chairs,Broad
natural dining chairs,Broad
eco friendly dining chairs,Broad
sustainable dining chairs,Broad
dining chairs with armrests,Broad
woven dining chairs,Broad
dining chairs iron frame,Broad
black dining chairs,Broad
green dining chairs,Broad
walnut dining chairs,Broad
natural finish dining chairs,Broad
designer dining chairs,Broad
unique dining chairs,Broad
luxury dining chairs,Broad
mix and match dining chairs,Broad
nkuku dining chairs,Exact
nordal dining chairs,Exact
jute dining chairs,Exact
cane dining chairs,Exact
ribbed leather dining chairs,Exact
